b6d4e4bca396e041ab73b7e553583e4c3bf18e19183ab862f0de74d03a4ab9a1	projects/SP-008-DOC-2-037/README.md	SP-008-DOC-2-037/README.md
3ad9fdc579d22088fd3963ea72b3b39a100e6fb3c80063bd30d61e6be8f37741	projects/SP-008-DOC-2-037/code/r1_frangieh_accumulate.py	SP-008-DOC-2-037/code/r1_frangieh_accumulate.py
ad5d98475c785f73fb7d6a607a26260f27dc168ad236e5027ab546a231a38c3d	projects/SP-008-DOC-2-037/code/r1_gate_eval2.py	SP-008-DOC-2-037/code/r1_gate_eval2.py
89223ae175637a924be6be30ec9bc5271e07c1171d16d3adda1997abb606884c	projects/SP-008-DOC-2-037/code/r1_models.py	SP-008-DOC-2-037/code/r1_models.py
8b845349946d45b18d82c642b737dd5be805a9d61897ca3e0a2b98608d9c9bba	projects/SP-008-DOC-2-037/deliverables/data_md5_manifest.txt	SP-008-DOC-2-037/deliverables/data_md5_manifest.txt
978363898a737fdf120a7a7cb8794676bd0b59aaffb773ffbf227ad78c815f81	projects/SP-008-DOC-2-037/deliverables/protocol/environment_ledger.json	SP-008-DOC-2-037/deliverables/protocol/environment_ledger.json
bd7e29df45f71f910ca169add726720d8fc421cd8659415c9cbafc57b90b93a8	projects/SP-008-DOC-2-037/deliverables/protocol/protocol_r0.json	SP-008-DOC-2-037/deliverables/protocol/protocol_r0.json
f58a2f6f9ce7dc3507772cf738d3f9d047f2a57a3fbf704827276e3080afd33d	projects/SP-008-DOC-2-037/deliverables/protocol/protocol_r0.lock	SP-008-DOC-2-037/deliverables/protocol/protocol_r0.lock
612c7b74a7e31e9046cdf2570b54816031c5e9d0e4d165176ac71ff2a9cce02e	projects/SP-008-DOC-2-037/deliverables/report/r0_report.md	SP-008-DOC-2-037/deliverables/report/r0_report.md
85b4b186b6cced5aece0c1180a8bda5da34dbec0b7459d90d7c32198609272b5	projects/SP-008-DOC-2-037/deliverables/results/frangieh_structure.json	SP-008-DOC-2-037/deliverables/results/frangieh_structure.json
5e2df167e0fd8e8d3be5dd7d3c78005f19e8e72b00044191c67173811046d513	projects/SP-008-DOC-2-037/deliverables/results/gate_evaluation_r0.json	SP-008-DOC-2-037/deliverables/results/gate_evaluation_r0.json
978363898a737fdf120a7a7cb8794676bd0b59aaffb773ffbf227ad78c815f81	projects/SP-008-DOC-2-037/protocol/environment_ledger.json	SP-008-DOC-2-037/protocol/environment_ledger.json
bd7e29df45f71f910ca169add726720d8fc421cd8659415c9cbafc57b90b93a8	projects/SP-008-DOC-2-037/protocol/protocol_r0.json	SP-008-DOC-2-037/protocol/protocol_r0.json
f58a2f6f9ce7dc3507772cf738d3f9d047f2a57a3fbf704827276e3080afd33d	projects/SP-008-DOC-2-037/protocol/protocol_r0.lock	SP-008-DOC-2-037/protocol/protocol_r0.lock
984cff11fae70f3cfce7a6189b2e1c7bf424490caed557e1cdf33dce090be285	projects/SP-008-DOC-2-037/protocol/protocol_r1.json	SP-008-DOC-2-037/protocol/protocol_r1.json
ca3ce293eccf15c4760339cdc8bdbcdbd0f08ebbce66fa0bcd6ceb2cc080342e	projects/SP-008-DOC-2-037/protocol/protocol_r1.lock	SP-008-DOC-2-037/protocol/protocol_r1.lock
612c7b74a7e31e9046cdf2570b54816031c5e9d0e4d165176ac71ff2a9cce02e	projects/SP-008-DOC-2-037/report/r0_report.md	SP-008-DOC-2-037/report/r0_report.md
6982ec4fa47132853c11fbc59d5beb62622f002707d9aac4c2e6840513610e05	projects/SP-008-DOC-2-037/report/r1_report.md	SP-008-DOC-2-037/report/r1_report.md
baf88fac6980f6e1e8f50791a90f649b8faf03075e59c590ba1dad2716c8d7da	projects/SP-008-DOC-2-037/results/accum/index.json	SP-008-DOC-2-037/results/accum/index.json
bdea57285bc8c63d2dd67e43976772125c1d3f7cc1274682df5c22318b427ddd	projects/SP-008-DOC-2-037/results/frangieh_controls_qc.json	SP-008-DOC-2-037/results/frangieh_controls_qc.json
85b4b186b6cced5aece0c1180a8bda5da34dbec0b7459d90d7c32198609272b5	projects/SP-008-DOC-2-037/results/frangieh_structure.json	SP-008-DOC-2-037/results/frangieh_structure.json
88b50ecbfc052e26a57e230ae44c1f4d4c1883d4bfd843e230181fd6230b2d51	projects/SP-008-DOC-2-037/results/gate_evaluation_r1.json	SP-008-DOC-2-037/results/gate_evaluation_r1.json
bf18b264f4a561346a9e29f6e82b92f54f9394f7208215a88dbcb797cfddff8f	projects/SP-008-DOC-2-037/results/r1_cv_frangieh.json	SP-008-DOC-2-037/results/r1_cv_frangieh.json
e9fcb538311e233b05d0bcde72a0b017a1960d9eccc58a4e50206dee556e667e	projects/SP-008-DOC-2-037/results/r1_cv_replogle.json	SP-008-DOC-2-037/results/r1_cv_replogle.json
af2b02f104d1e8e140e45375ce00d37e97f2a685cff32873fb29a979f53adbac	projects/SP-008-DOC-2-037/results/r1_gate_eval_g245.json	SP-008-DOC-2-037/results/r1_gate_eval_g245.json
cec0ee29a8ecc944d8cdb62c43182e15aed4d00507e2aaa6dac16fee5b38a5f9	projects/SP-008-DOC-2-037/results/r1_gate_eval_partial.json	SP-008-DOC-2-037/results/r1_gate_eval_partial.json
c40ce1cf984e39a51ea07c800a86dbc1baa3f64b232690f2925c80aac9b2c409	projects/SP-008-DOC-2-037/results/r1_jurkat_gate.json	SP-008-DOC-2-037/results/r1_jurkat_gate.json
b25036bb88c4757b3a899412ade80437b3aac24d31ace40ee4969f6b81b8968a	projects/SP-008-DOC-2-037/results/r1_task_freeze_manifest.json	SP-008-DOC-2-037/results/r1_task_freeze_manifest.json
